Year,Armed forces personnel (% of total labor force),"Employers, female (% of female employment) (modeled ILO estimate)","Employers, male (% of male employment) (modeled ILO estimate)","Employers, total (% of total employment) (modeled ILO estimate)",Employment in agriculture (% of total employment) (modeled ILO estimate),"Employment in agriculture, female (% of female employment) (modeled ILO estimate)","Employment in agriculture, male (% of male employment) (modeled ILO estimate)",Employment in industry (% of total employment) (modeled ILO estimate),"Employment in industry, female (% of female employment) (modeled ILO estimate)","Employment in industry, male (% of male employment) (modeled ILO estimate)",Employment in services (% of total employment) (modeled ILO estimate),"Employment in services, female (% of female employment) (modeled ILO estimate)","Employment in services, male (% of male employment) (modeled ILO estimate)","Labor force, female (% of total labor force)","Labor force, total","Part time employment, female (% of total female employment)","Part time employment, male (% of total male employment)","Part time employment, total (% of total employment)",Ratio of female to male labor force participation rate (%) (modeled ILO estimate),"Self-employed, female (% of female employment) (modeled ILO estimate)","Self-employed, male (% of male employment) (modeled ILO estimate)","Self-employed, total (% of total employment) (modeled ILO estimate)","Unemployment, female (% of female labor force) (modeled ILO estimate)","Unemployment, male (% of male labor force) (modeled ILO estimate)","Unemployment, total (% of total labor force) (modeled ILO estimate)","Vulnerable employment, female (% of female employment) (modeled ILO estimate)","Vulnerable employment, male (% of male employment) (modeled ILO estimate)","Vulnerable employment, total (% of total employment) (modeled ILO estimate)",Country Code
1991-01-01,1.6526607565335254,1.12281407061633,4.5214746473612,3.0011324380533,2.77697481963934,1.27861474405112,3.98977233326227,24.50177348253,13.6576675657325,33.2791741132931,72.7212516978306,85.0637176902164,62.7310505094238,44.52295128727851,128277990.0,,,,75.18920520347977,5.28412016715445,12.0405672417467,9.01816725784013,6.359,7.154,6.8,4.161306096538115,7.5190925943854605,6.017034819786835,USA
1992-01-01,1.4725354197687697,1.08078490666057,4.35649319295055,2.88554177487996,2.74026918305949,1.24400157412683,3.95978796809271,23.9273514860852,13.3029697815834,32.5866536008984,73.3323701625632,85.4530212198636,63.4535584310089,44.6645325026761,130387356.0,,,,75.73118699274534,5.09407722869916,11.6331466545699,8.69678994817056,7.002,7.902,7.5,4.013294178145214,7.2766534616193495,5.811248173290596,USA
1993-01-01,1.380959846156824,1.10412502032064,4.43074848133232,2.93437134910652,2.59024256753565,1.16207192976329,3.75788823114501,23.4685079194241,12.6998672018145,32.2727590790678,73.9412405085321,86.1380626882485,63.9693437626407,44.82342231730206,131792391.0,,,,76.30920331714444,5.12288204291664,11.8384119105046,8.81764077593949,6.57,7.168,6.9,4.018755202769692,7.4076634291722545,5.883268608241246,USA
1994-01-01,1.2828481950762214,1.14087050097815,4.48326087169029,2.96680667984925,2.77019244200308,1.51183447410128,3.81526855015873,23.40159159143,12.6372478104806,32.3414645320209,73.8282151695158,85.8509089315863,63.8432654588121,45.33838510996907,134076659.0,40.14,22.8,30.78,78.00106051747814,5.04392249975502,11.9189226216452,8.79971024323513,6.052,6.174,6.119,3.903051998776873,7.435660290946666,5.832903563385871,USA
1995-01-01,1.2028620084955328,1.12069928109881,4.37538345465166,2.89698237194548,2.75420328600108,1.53556745640329,3.76847426988862,23.4411520584161,12.4890532221349,32.5565902805525,73.8046540309158,85.9753810414363,63.6749426072364,45.43403296546441,135975697.0,39.71,22.16,30.25,78.4024715553378,4.90091261160313,11.6003855754714,8.55723065746479,5.671,5.633,5.65,3.780213330504318,7.225002120819694,5.660248285519307,USA
1996-01-01,1.1387477542762128,1.10609195905891,4.2943125915731,2.84264374880902,2.71727179073141,1.48729613644371,3.74546717878019,23.3205508197695,12.4745236642003,32.3872739393046,73.9621873639093,86.0381886248364,63.8672631078786,45.540124227304304,138055157.0,39.58,22.2,30.22,78.83976697337616,4.84812903791129,11.4472470469391,8.44251961191384,5.47,5.435,5.451,3.7420370788523787,7.152934455366028,5.5998758631048196,USA
1997-01-01,1.0907126497215271,1.09567160255317,4.23030135774823,2.79747169607852,2.62353511557625,1.41433982826658,3.64161775097551,23.3679125372322,12.4432383656112,32.5659368698877,74.0085523471916,86.1424218061222,63.7924467596848,45.744167710560646,140577814.0,38.38,21.3,29.2,79.59142037185643,4.76010694346971,11.2343472606925,8.27499108877543,5.074,4.937,5.0,3.664433701212428,7.004045902944302,5.477519392696921,USA
1998-01-01,1.1209670336464725,1.06342259572388,4.0939579578152,2.70859964711376,2.56954373702797,1.35463401822783,3.59258590103747,23.2095720342696,12.2510575684617,32.4374420357605,74.2208739175849,86.3943068021643,63.9699679930965,45.7652541302941,142198651.0,39.87,22.62,30.6,79.77865009268345,4.53396699930983,10.8167375448454,7.94467383940945,4.622,4.418,4.511,3.470544403585951,6.722779587030243,5.236074192295682,USA
1999-01-01,1.0929499909663347,1.03572502199471,3.97499583716106,2.6299506754129,2.45789873334491,1.35640151177325,3.38722767634652,22.7091572563178,11.815096034086,31.9004463115893,74.8329440103373,86.8285103663339,64.7123233418661,45.82087428171673,144105404.0,37.09,20.65,28.29,80.10941934075528,4.3648355125543,10.4348487135145,7.65714022540303,4.34,4.117,4.219,3.329110490559595,6.4598542114525666,5.0271895499901325,USA
2000-01-01,0.9953106827951694,1.03280260587738,3.93683369103265,2.60811960990219,2.26208726411946,1.25449667897692,3.11194791651969,22.6975317592377,11.554739623431,32.0960148892445,75.0403788406765,87.1907636975921,64.7920371942358,45.806041423642924,146165416.0,35.55,19.44,26.92,80.21068985254436,4.31631237072053,10.3042775485452,7.56453631954154,4.099,3.901,3.992,3.283509764843136,6.3674438575124945,4.956416709639341,USA
2001-01-01,0.9651463420889097,1.03141363327317,3.90026748435791,2.58367611063594,2.1072997716391,1.17459562517878,2.89839626981877,22.4208042568487,11.1460398781583,31.9837942007737,75.4719059369522,87.679364496663,65.1178187383543,45.853460051674425,147200475.0,36.54,20.65,28.05,80.46319022611033,4.28269982148199,10.1928849237097,7.48054637685204,4.653,4.797,4.731,3.251286188208815,6.2926174393518215,4.896870978033204,USA
2002-01-01,0.9901020169532192,1.02461379740099,3.84122215040455,2.54592301012746,1.95592576519708,1.09512387815128,2.68884575154315,22.2797145677967,10.8611862028325,32.001873356512,75.7643589524912,88.0436914727184,65.3092822148246,45.90357000281103,148166550.0,36.28,20.35,27.77,80.6514334569825,4.21159889368322,10.0424935436853,7.36098732037957,5.611,5.929,5.783,3.1869866499844663,6.201270070401014,4.815063595737023,USA
2003-01-01,0.9940478163059816,1.05661835166446,3.926601638923,2.60033428974849,1.81033470626561,1.02105403768499,2.48843620061922,22.1877120175754,10.6188501359451,32.1269900092157,76.0019539881501,88.3600958263699,65.3845737901651,46.05283828928186,148886198.0,36.52,20.69,28.09,81.14900008344227,4.37326357464704,10.3099900870087,7.56652856485517,5.662,6.268,5.989,3.316645222982571,6.383388448085732,4.966194275106681,USA
2004-01-01,0.9812606985644876,1.05492514637249,3.89449883835735,2.5871444908257,1.75268291033102,0.956316231278145,2.43217655061523,22.1366615939239,10.3307158399059,32.2099938726631,76.1106561981627,88.7129679288159,65.3578308784716,45.977596892282754,150113013.0,36.8,20.74,28.2,80.95277917154485,4.37754749397475,10.3016303143,7.57415208327155,5.397,5.641,5.529,3.322622347602261,6.407131475942631,4.987007592445851,USA
2005-01-01,1.0168063087240995,1.046860226156,3.85018493420279,2.56075921445798,1.6927826532839,0.946110853322344,2.3287409608871,22.0102484672671,10.1135391511985,32.1429633432461,76.2969681896463,88.9403499954792,65.5282956958668,46.00409063940346,152044690.0,36.12,20.34,27.66,81.10236220472441,4.31244175944863,10.1588295264493,7.46970874786823,5.098,5.072,5.084,3.265581533292626,6.308643314922197,4.908948843607593,USA
2006-01-01,0.9717555046024688,1.04429637198129,3.8204877502833,2.54361430494784,1.66751083009069,0.925819617596181,2.29916062576894,22.1018171712765,9.92264106395732,32.4740427094244,76.2306719986328,89.1515304866776,65.226795411231,45.99611951689713,154154002.0,35.78,20.21,27.43,81.1237268325263,4.28426774703934,10.0580037026617,7.40244826086724,4.627,4.619,4.623,3.239971375058051,6.2375146988025945,4.85883327890965,USA
2007-01-01,0.9999764314236581,1.01417007747299,3.69814472524497,2.46044073308876,1.57514749735448,0.840560227039885,2.20380007446605,21.886129747358,9.9326196282547,32.1158285658305,76.538713363361,89.2268201447054,65.6803713597034,46.05441357282479,155503665.0,35.43,19.89,27.1,81.3380084935181,4.2035882159682,9.80076476419629,7.219649564656,4.501,4.725,4.622,3.189418138495209,6.1026200389513185,4.759208831567246,USA
2008-01-01,0.9793561018533908,0.987307695859056,3.58525966923736,2.38000127691412,1.6133499393496,0.857693574215392,2.26730646251235,21.2220136883746,9.48935616126163,31.3756368852803,77.1646363722758,89.652950264523,66.3570553997228,46.21370692300596,157246174.0,35.41,21.12,27.79,81.87244297483606,4.07759298433484,9.56215368331543,7.01772073863969,5.419,6.097,5.784,3.090285288475783,5.976892761593496,4.637719461725573,USA
2009-01-01,0.9937856088622927,1.01099471418386,3.61638453831838,2.3904324774888,1.62657070517662,0.848171642998479,2.3183599239807,19.760485558092,8.55179260647732,29.7220298508248,78.6129339895663,90.6000357505242,67.9596115401799,46.44712285177346,157377606.0,39.14,25.29,31.85,82.65113305391773,4.15307551427593,9.70622359936837,7.09321985144777,8.063,10.287,9.254,3.142080800092071,6.089840376035303,4.702787373958963,USA
2010-01-01,0.9973575078549155,0.996281304426875,3.52803105448289,2.33855003179018,1.73921587365385,0.944462976259802,2.44350383923026,19.3707404278191,8.32227524536636,29.161582010769,78.890043698527,90.7332617783738,68.3949154684788,46.45967276199251,157357516.0,37.19,23.32,29.87,82.70376591865156,4.1515470362767,9.60935288253057,7.04513559386818,8.616,10.515,9.633,3.155265731849823,6.081321828047682,4.706584863054778,USA
2011-01-01,0.9654895015894341,0.955823798595729,3.34549114852697,2.23149838413055,1.75761512960444,0.972542909660288,2.44318556093267,19.4449934349203,8.57843225364582,28.9343026307429,78.7973914354753,90.4490248366939,68.6225118083244,46.367951840893326,157443452.0,37.02,22.97,29.56,82.5049529290972,4.03122454991867,9.25590217113306,6.8203108464643,8.461,9.371,8.949,3.075400751322945,5.910411022606092,4.588812462333753,USA
2012-01-01,0.9417313062990855,0.946600985071094,3.27284979051749,2.19570590905494,1.6927929576858,0.974237135743996,2.31242893229174,19.4661108683163,8.60168710325448,28.8348656552993,78.8410961739979,90.4240831090762,68.8527041451107,46.21179462608559,158452840.0,36.21,22.23,28.79,82.17566805075305,3.99187079592784,9.1344212016165,6.75321838655975,7.89,8.222,8.069,3.045269810856749,5.861571411099011,4.557512477504806,USA
2013-01-01,0.9024313615989414,0.921470877022176,3.15185285249143,2.12065823170289,1.62408303489325,0.871063870305445,2.27161134011567,19.6851456126314,8.66838435071066,29.1585800770965,78.6907713524753,90.4605415937061,68.5698073315829,46.084722370705165,158809862.0,35.29,21.48,27.97,81.93156379916853,3.91313016700088,8.90065041011934,6.59472069487761,7.072,7.634,7.375,2.991660745018489,5.748797557627908,4.474063135897692,USA
2014-01-01,0.8657695854207572,0.90541974783937,3.07683014629776,2.07446065536059,1.66163858216438,0.888109436470189,2.32488357732978,19.7080638780994,8.71442782203136,29.1343273768132,78.6302982001894,90.3974641722231,68.540789045857,46.10899079133935,159540139.0,35.93,21.62,28.33,82.17846387743765,3.82338111295322,8.69422514986741,6.44574000534214,6.059,6.261,6.168,2.917961365113849,5.617396230314286,4.371278689528475,USA
2015-01-01,0.8386832303523326,0.907737694739802,3.06835476827923,2.07370512570444,1.78139127150842,0.969571004121826,2.47392967029296,19.555260727197,8.66188379614654,28.8480427070329,78.6633577416521,90.3685466102917,68.6780384523961,45.98584686411124,160644681.0,36.28,22.14,28.76,81.92217671152721,3.83188505493031,8.67304463431004,6.44439747716441,5.177,5.367,5.28,2.9241487707505422,5.604691069333145,4.370692351459974,USA
2016-01-01,0.8300468131259358,0.905171300477166,3.03774981568733,2.05708759379662,1.78133381250043,0.97928328009804,2.46414355709024,19.4748580132673,8.53332298879327,28.7897159672764,78.7438075353201,90.4873992887054,68.7461416584707,45.944943383931324,162448669.0,34.72,20.99,27.42,81.93335571351422,3.79523819295917,8.59285779874044,6.38668351673967,4.787,4.938,4.869,2.8900682818811267,5.55510916589044,4.329595284030897,USA
2017-01-01,0.8288024298267345,0.902046798882831,3.00195441644391,2.03426736951872,1.76833535602151,0.961462999642057,2.4579534332949,19.4270487784832,8.53698521571933,28.7345704151697,78.8046158654953,90.5015517846386,68.8074644922886,46.0583671944459,163971527.0,34.8,21.15,27.56,82.44321669736033,3.78367601480691,8.52490410734791,6.34003416527853,4.308,4.395,4.355,2.8816278517598133,5.522949690904008,4.305765538481583,USA
2018-01-01,0.8346893456000445,0.898010741365889,2.96908202196686,2.01473597375447,1.70871948871607,0.97569115371929,2.33515992432198,19.5692897525135,8.58177266899281,28.9591381506234,78.7219913782106,90.4425361772879,68.7057019250546,46.05108398004416,165307010.0,33.31,20.13,26.31,82.53882452628964,3.75788912568779,8.43725909833494,6.28101494355435,3.837,3.946,3.896,2.8598783843218962,5.46817822517712,4.266278350359708,USA
2019-01-01,0.8306377949975271,0.879545868484112,2.89146701373775,1.96241408635416,1.67971299899229,0.962407456679892,2.29512882627648,19.6179654110696,8.71137614256587,28.9753450963745,78.7023222000531,90.3262164007542,68.7295158752449,46.14878347080578,167100511.0,32.57,19.67,25.74,82.97233040155196,3.64614694216382,8.19390683129328,6.09386806868811,3.609,3.721,3.669,2.7665997524391583,5.302439817555523,4.131454592448931,USA
2020-01-01,0.8421402997529276,0.911940582160859,2.90769742924701,1.98965398226014,1.74639347557255,1.04441904996707,2.34436583393443,19.4184030161297,8.70710768097085,28.5427692405302,78.8352035082978,90.2484718605705,69.1128745240673,46.14893285611164,165649358.0,35.24,23.19,28.83,82.99064306573693,3.75460205273288,8.48057580052409,6.30663747827799,8.35,7.802,8.055,2.8426614705720263,5.572878371277083,4.3169841439211405,USA
2021-01-01,,0.966345301925308,3.00257753240247,2.06148067728837,1.66240252615758,1.00559350170592,2.22682667139847,19.1836645852224,8.56404634466621,28.309556705841,79.1539322622544,90.4303601536279,69.4636154581321,46.149184492469935,166198588.0,32.32,20.57,26.1,82.91395074802737,4.00146367494219,8.80219547370878,6.58341436886065,5.213,5.466,5.349,3.035117017762304,5.799617941306312,4.521933691572278,USA
2022-01-01,,0.90332192020374,2.8910746674325,1.97092717701686,1.62054326390324,1.00394318632328,2.15197828180848,19.2767797091913,8.6763166979687,28.4131031289793,79.1026776348679,90.319740115708,69.4349084016362,46.27289242661751,168181985.0,32.7,21.0,26.47,83.25450651436729,3.82001346397488,8.40687433679583,6.28357780160247,3.614,3.681,3.65,2.916691543771144,5.515800801316299,4.312651232548021,USA
2023-01-01,,,,,,,,,,,,,,46.46156173661373,170548899.0,32.64,20.65,26.28,83.8591440612572,,,,3.448,3.78,3.625,,,,USA
1991-01-01,0.5809380447138556,2.9920398455572,9.32128249355065,6.47680894412058,3.49125696950289,2.38992495411216,4.39022907561003,23.8770925092864,11.8473070047917,33.696512502408,72.6316505212107,85.7627680410962,61.913258421982,44.630308591587315,14803644.0,48.48,27.5,36.95,77.86530182467645,10.0569809314909,18.5712873540116,14.7448075115488,9.689,10.822,10.316,7.0649243125294445,9.250018551900284,8.267998567428233,CAN
1992-01-01,0.5547211061842406,3.0289291664563,9.22383522730045,6.41720318150804,3.45133011906065,2.29526598340654,4.40893630741861,23.1816328379157,11.6716144124131,32.7157605135632,73.367029418555,86.0331027751132,62.8753171190845,44.79851886758692,14782203.0,51.95,31.18,40.59,78.31067540486379,10.5853317850592,18.9138402136622,15.1405795831809,10.192,12.013,11.197,7.55640261860285,9.690004986361732,8.723376401672901,CAN
1993-01-01,0.5110527599437923,2.98014144169151,9.3182153793543,6.44735682285918,3.48252931053293,2.37517918227178,4.39941676233704,22.5100367929061,10.9326328295445,32.0961276261239,74.0074338965609,86.6921879881837,63.5044556115391,44.9407894944767,14871263.0,50.83,29.32,39.07,78.65229845860046,11.1980539028547,19.4653765785611,15.7206557384019,10.677,11.949,11.377,8.217912461163209,10.147161199206808,9.273306507814073,CAN
1994-01-01,0.49955077064365255,2.95246886944771,8.77301528251594,6.13798814897182,3.34804154978784,2.30064237830157,4.214425236886,22.6692627039408,10.9111636850371,32.3954215927161,73.9826957462713,86.7881775050273,63.3901395783278,44.97039295795934,15013489.0,49.09,27.16,37.09,78.68722382587522,11.4357271704628,18.9227577603585,15.5332944086436,9.795,10.885,10.395,8.483258301015047,10.149742477842544,9.39530625967181,CAN
1995-01-01,0.500670614226281,3.04324114002518,8.81102806479968,6.19392433861351,3.1534910855014,2.12367109440516,4.00890722545735,22.9279968184437,11.2861494142222,32.5982557062666,73.9185194066163,86.5901794913726,63.3928370682761,45.185972677670435,15119721.0,50.22,28.34,38.28,79.327288035002,11.6214480952454,19.0292842635627,15.6680171710467,9.115,9.798,9.489,8.578206955220198,10.218256198762994,9.474092832433165,CAN
1996-01-01,0.5222917113090816,3.08217512745672,8.55040613034555,6.065328914639,3.11228725920581,2.09670432479944,3.95830491631751,22.7503939647691,11.1245160933393,32.4351896136034,74.1373187760251,86.7787795818613,63.6065054700791,45.28101584821548,15278818.0,49.14,26.84,36.97,79.63137472283815,12.2249717759313,19.5110577664418,16.1998431748982,9.288,9.894,9.62,9.142796648474544,10.960651636096232,10.134514260259245,CAN
1997-01-01,0.4684045355475875,3.18379501514674,8.25623707283858,5.9496125501944,3.00731239250706,2.04183058736908,3.81250033336286,23.0570689511101,11.4483934471237,32.7384058347152,73.9356257498703,86.5097759655072,63.4490938319219,45.38365101942094,15520772.0,49.11,26.32,36.68,80.00858416636667,13.2207181208682,20.3292285144219,17.0967294130515,8.919,9.252,9.101,10.036907506606221,12.072991441583262,11.147109769370168,CAN
1998-01-01,0.44382301467559965,3.14619034224211,7.96750297074762,5.75901256315555,2.99099816287344,2.06617875218333,3.77270262822738,23.1172566720744,11.4727230262985,32.9598095452617,73.8917451650521,86.4610831145594,63.2675005956818,45.663614386768884,15760787.0,50.09,27.93,38.07,80.94828781366977,13.3296855063535,20.4392416031847,17.182572514184,7.988,8.524,8.279,10.183495164111422,12.471738632437079,11.423559951028444,CAN
1999-01-01,0.4360506070547565,3.18533708868553,7.93217526176611,5.75218149804732,2.80597298431611,1.94503391097136,3.53715950972744,23.1216177950003,11.524310500416,32.971076772927,74.072415966038,86.5306555886127,63.4917637173456,45.78036414558143,16041716.0,48.58,26.89,36.84,81.37854824228194,12.9121516664082,20.3817003286804,16.9512969932787,7.293,7.828,7.583,9.726814577722626,12.449525066914267,11.199115495231363,CAN
2000-01-01,0.42002536217376674,3.26606488893744,7.4977339540039,5.54972666215991,2.51550830718723,1.65640907007354,3.24833668808962,23.2941717724786,11.4836708193657,33.3687591044313,74.1903133385593,86.8599201105607,63.3828920113219,45.9672506531701,16308539.0,46.46,25.19,34.98,82.1008984105045,12.3393839951754,19.3661315643377,16.1314443725788,6.695,6.943,6.829,9.073333403868304,11.86839761033372,10.5817111286435,CAN
2001-01-01,0.3985375540851938,2.93085015965868,7.29870890143317,5.27703003170325,2.16014075650182,1.34637294526369,2.86136863033346,23.0628245986799,11.3388852129227,33.1652396986662,74.7770216402263,87.3147558900919,63.9733916710004,46.10574244380937,16585639.0,49.53,28.76,38.37,82.67522620991173,11.1900015593589,18.7572692083838,15.2547395079101,6.857,7.529,7.219,8.259151399700205,11.458560306950638,9.977702973909985,CAN
2002-01-01,0.3609047577617226,2.9502891295893,7.03499122989565,5.13226344267233,2.11688334622641,1.36412654826563,2.77331509944406,23.2298609084546,11.5333686801825,33.4294497131135,74.6532557453189,87.1025184084536,63.7972351874424,46.31012674729021,17068215.0,50.57,29.33,39.21,83.42715481228856,11.5139224583952,18.4160180753337,15.2008976582447,7.125,8.13,7.665,8.56363332880588,11.381026845438093,10.068634215572397,CAN
2003-01-01,0.3527522492107598,2.86573277790481,7.07509677010554,5.10633008081086,2.10705300136028,1.32518103790648,2.79406822945513,22.9734168597968,11.3603440422794,33.1775902866471,74.9195239388382,87.3144881758665,64.0283414838977,46.561012023296996,17462681.0,53.56,32.78,42.49,84.30702172580534,11.4090982903009,18.9112640961942,15.4024175058373,7.158,7.936,7.574,8.543365512396063,11.836167326088688,10.296087425026442,CAN
2004-01-01,0.40174915925500765,2.96062718868472,7.28268879782362,5.25817064733623,2.02316752251052,1.28915662964504,2.66994930151988,23.0487901170324,11.3491012860953,33.3581007888127,74.9280423604571,87.3617420842596,63.971938430853,46.672472979398364,17672719.0,52.16,30.71,40.75,84.72072269068346,11.2903368682304,19.0776886256414,15.4299878558326,6.853,7.476,7.185,8.329722706461634,11.794999827817744,10.171817208496352,CAN
2005-01-01,0.3984624288933975,3.05299835019332,7.41944783576886,5.37597046580371,2.12205349747806,1.35801088174746,2.7941569122212,22.6904978612539,10.8300148195555,33.1239544359995,75.187442617225,87.811961426678,64.0818886517793,46.65246381947115,17818493.0,50.47,29.8,39.47,84.6975919998901,11.4923574317696,19.232727288374,15.6102714030183,6.465,7.015,6.758,8.439346209557243,11.81329077589199,10.234300937214599,CAN
2006-01-01,0.35485554385271545,3.04119655091131,7.10893621342512,5.19545283238723,2.11200086047843,1.38898370563822,2.75420910065335,22.1061931059389,10.4925736086787,32.4218019258224,75.7818119695542,88.1184553045481,64.8239889735243,46.89968255953755,18035508.0,51.77,31.67,41.1,85.56475809908329,11.4006887880389,18.7078973646458,15.270552958865,6.203,6.732,6.484,8.359492237127627,11.598961151220747,10.075100126477734,CAN
2007-01-01,0.3481568359506749,2.84759983226667,7.07578289319742,5.07744789962717,2.00090541489277,1.30953281160542,2.6204965372513,21.6658949425158,10.2355386469184,31.9095101194902,76.3331996425915,88.4549162659104,65.4700043443187,47.07876830815362,18382520.0,50.25,30.1,39.6,86.17338075936802,11.4369237235621,19.1342649691151,15.4963273143878,5.791,6.48,6.156,8.589323891295445,12.058482075917698,10.418879414760605,CAN
2008-01-01,0.34293045648973386,2.83836659937145,7.16157685940616,5.11715436662218,1.94085661831964,1.21108401124674,2.59557426849999,21.4598972700744,9.73962752556726,31.9747740013542,76.5992575561796,89.049288463186,65.4296517301458,47.031668984662225,18662676.0,51.24,31.48,40.81,86.00321733511159,11.41315843353,19.3153107616402,15.5784261344132,5.771,6.74,6.284,8.574791834158507,12.15373390223409,10.461271767791011,CAN
2009-01-01,0.3498076249673928,2.75789527881319,7.27202134546788,5.10823433062176,1.95407647866701,1.19539072510567,2.65254352776853,20.285225596963,8.9665293997072,30.7055297814866,77.760703745063,89.8380920184072,66.6419266907448,47.26387918783017,18788041.0,53.99,35.04,44.1,86.81732841944232,11.8869495356918,19.97737963521,16.0993382745196,7.166,9.619,8.46,9.129066400098704,12.70535828974212,10.991103943897802,CAN
2010-01-01,0.3460445267132681,2.6931739974098,7.14762465883421,5.0187006494685,1.80749588195158,1.1142394684722,2.44214716558846,20.1505184031391,8.57270995368432,30.7495840387037,78.0419857149093,90.3130505778435,66.8082907984213,47.371883992812386,18985996.0,52.87,33.01,42.48,87.21299104210628,11.5498515809474,19.7042527609827,15.8069939050586,7.357,8.917,8.178,8.856665566287095,12.556628102148439,10.78829325559013,CAN
2011-01-01,0.3431392288204362,2.77978139176594,6.742624814258,4.85842976195494,1.78791916996377,1.09841939645356,2.41290685951946,20.2853836490512,8.99900978765764,30.5159510276385,77.926697180985,89.9025708158888,67.0711421128421,47.31138924016701,19146747.0,51.73,32.82,41.79,87.05778549620459,11.4915439292797,19.0576661172827,15.4602365769577,7.175,8.051,7.637,8.71176253751372,12.31504130302471,10.601806815002757,CAN
2012-01-01,0.3416891163318907,2.60388374487107,6.63426349081509,4.71476112220434,1.75287861200801,1.11384445171334,2.33397706778778,20.4625882943372,9.01782374279219,30.8697549544092,77.7845330936548,89.8683318054945,66.796267977803,47.39941448981362,19315804.0,50.43,31.03,40.24,87.482044782425,11.4787111656344,18.8836593622992,15.3569902891822,6.952,7.789,7.392,8.874827420763301,12.249395871484124,10.642229166977796,CAN
2013-01-01,0.33655716162135724,2.62913018071898,6.64251915952078,4.72935099076919,1.77488160133804,1.08578197455344,2.4026079563594,20.3270942411845,8.74452833801918,30.8780822167756,77.8980241574775,90.1696896874274,66.7193203737784,47.433218888530476,19521201.0,51.37,32.56,41.5,87.72417490934234,11.7889994455251,18.7551310728066,15.4344069646583,6.685,7.557,7.143,9.159869264806156,12.112622460198056,10.705055973889166,CAN
2014-01-01,0.3584395014627344,2.61015131301905,6.46069437241173,4.6303916971885,1.71402994399859,1.05641383542995,2.30981888820089,20.1770573267297,8.61661887910475,30.6506157474338,78.1089072332255,90.3269788479047,67.0395548889962,47.26862717415641,19584895.0,54.05,35.34,44.22,87.23141901468338,11.6906552596265,18.5865940625817,15.3086989170645,6.505,7.488,7.023,9.080503946607429,12.125899690170025,10.678307219875943,CAN
2015-01-01,0.3427960968576212,2.7054916598248,6.58800578950584,4.74666051505563,1.64341270438564,1.01536717238969,2.20997489678637,19.9230612336162,8.55903436570743,30.1746021866766,78.4335206084423,90.4255984619029,67.6154332897658,47.10507934434634,19691006.0,51.78,32.92,41.86,86.713791931097,11.93009569411,18.4883800659343,15.3780077724078,6.307,7.513,6.945,9.224615533216966,11.900374276428513,10.631347257352239,CAN
2016-01-01,0.33956585072262635,2.61218036490506,6.39921445144868,4.59580524912844,1.94449361094879,1.12961564251371,2.68534875504398,19.4780903564972,8.65030753621387,29.3221389565552,78.577416032554,90.2200654581874,67.9925226191288,47.23436442629671,19878324.0,51.64,33.01,41.87,87.20663791753839,11.7407952751378,18.573047544076,15.3194806985411,6.278,7.719,7.038,9.128614910232752,12.173833092627415,10.723680860584045,CAN
2017-01-01,0.35741061371522526,2.65090028567566,6.36179299285612,4.59579013113357,1.51860871671984,0.962089488164291,2.02394328611325,19.5336644361838,8.48807758413741,29.5633571928274,78.9477268470963,90.5498329276983,68.4126995210594,47.339442837558316,20144897.0,52.41,34.44,42.97,87.62882189437673,11.9239748113262,18.3926673420633,15.3142264570685,5.929,6.872,6.426,9.27307452565057,12.030874349207219,10.718436325934892,CAN
2018-01-01,0.35580465813167955,2.70573722716865,6.3685556098615,4.62582251879722,1.48674576277562,0.936289243286525,1.98635815800151,19.5713080198757,8.46216959696969,29.6543275359641,78.9419462173487,90.6015521404191,68.3593043396103,47.42561569440586,20348244.0,50.08,31.62,40.38,88.02527646129543,12.1185587907553,18.2488731959774,15.3321296787206,5.529,6.115,5.837,9.412821563586677,11.880327552540976,10.70630715992336,CAN
2019-01-01,0.3466877619749685,2.59273033958208,6.02257054844461,4.39306041793407,1.51047770677163,1.00175141386591,1.97093194022795,19.2511277447317,8.34565514471359,29.1217912736921,79.2383843111625,90.6525826674671,68.9072572828126,47.29842839214835,20767967.0,52.64,35.14,43.45,87.66069772419206,11.9422916888431,18.2111874458236,15.2328571351791,5.265,6.072,5.69,9.349572123214378,12.188626649013655,10.839801835912464,CAN
2020-01-01,0.35151730736961406,2.43550386134167,5.83569815720568,4.23467270936204,1.55635277929941,1.02711838126272,2.02730234991206,19.2647202963475,8.71437867816424,28.6531569898959,79.1789215001603,90.2585029405731,69.3195406601921,47.01481982321316,20482633.0,51.83,35.41,43.15,86.70105045383684,12.4507086969379,18.2698520399162,15.5298327075894,9.521,9.777,9.657,10.015204835596206,12.434153882710554,11.295159998227357,CAN
2021-01-01,,2.27265834855595,5.46207633479547,3.95623919861461,1.33770979897549,0.896748754774119,1.73212632374708,19.2657927519526,8.75854031444451,28.6637553900969,79.3964871109641,90.3447109307814,69.6041084937694,47.118857890452574,20967796.0,49.17,32.93,40.62,87.07430229384812,11.0136595764015,16.9393324372646,14.1416128628405,7.339,7.694,7.527,8.740990279601725,11.477256102469093,10.185373664225848,CAN
2022-01-01,,2.09290178434097,5.19026124047493,3.71932672643574,1.28675798296313,0.807942745850695,1.71980026036012,19.1613479099063,8.54580314034791,28.7620946307943,79.5518941071305,90.6462435787615,69.5181241646986,47.41897408727343,21367763.0,50.49,33.52,41.6,88.14120641531808,10.675862914675,16.1943578673606,13.5736183581057,5.138,5.408,5.28,8.582961130334054,11.004096626885676,9.854296634772886,CAN
2023-01-01,,,,,,,,,,,,,,47.4301883998592,22110473.0,48.8,32.28,40.14,88.20092615300278,,,,5.186,5.529,5.366,,,,CAN
1991-01-01,1.0349382428969798,2.07141570416367,5.45117522369014,3.96461308215342,2.1651770111817,1.16618854237215,2.94959525616641,30.4256980712188,16.4512582790298,41.3986030432812,67.4091249175995,82.3825446207979,55.6518017005524,43.44074880566923,29083861.0,58.89,23.82,39.15,70.8354204177779,8.69288577175746,18.1466754157053,13.9884962027908,7.403,9.431,8.55,6.6214700675937905,12.695500192015206,10.02387935655222,GBR
1992-01-01,1.01101195602726,1.8215505167505,4.99770020705084,3.5718605541339,2.11112122367871,1.13211477009119,2.90864075348726,29.9307155533285,16.1660121123956,41.1437433920031,67.9581593940863,82.7018731175132,55.9476228025251,43.75476521334905,28980864.0,60.39,26.5,41.56,71.73696083122564,7.9902651853377,17.5977029862568,13.2847243438087,7.428,11.596,9.772,6.1687061394512,12.600002779206015,9.71286378967479,GBR
1993-01-01,0.9418247698524325,1.83271914757376,4.788889869991,3.44533444496067,2.04745134796647,1.0812036884107,2.8524838471526,29.3923959336953,15.8281596325458,40.6934852411557,68.560148836958,83.0906195989561,56.4540309116917,44.17216556792902,28773930.0,59.61,25.24,40.69,72.9654674460906,7.96771624096965,17.4624278406707,13.1471590430534,7.758,12.393,10.346,6.134997093395886,12.673537970679641,9.70182459809277,GBR
1994-01-01,0.893465378477323,1.78612217856334,4.66043558647081,3.3551972715371,2.0787984948048,1.15611743027844,2.84633701764154,27.7806770604151,14.3298418675184,38.9698458553509,70.1405282979319,84.5140407022031,58.1838312438521,44.307299247107665,28764405.0,59.83,25.13,40.7,73.38580259834498,8.00923488804875,18.0234740504906,13.4759508046556,7.397,11.438,9.648,6.223112709485409,13.363038464019738,10.12075353311847,GBR
1995-01-01,0.809746343308887,1.70222566987784,4.75919353742747,3.37598163467942,2.05364531773716,1.2313582935454,2.73319313602207,27.4250575307647,14.1084773035052,38.4300458535158,70.5213085871313,84.6601559785093,58.836774934581,44.38917549159857,28774443.0,59.7,24.45,40.2,73.6586117963669,7.88340641254959,18.1721282622814,13.516707763788,6.929,10.103,8.694,6.181180742671745,13.412941686912326,10.14072612910859,GBR
1996-01-01,0.7641477372115987,1.66021807541769,4.37757234548983,3.13923805605388,1.94852666330066,1.16551395691728,2.60412093636893,27.4248877891157,13.9776258267901,38.6838974212842,70.6265855475836,84.8568684930913,58.7119747124202,44.66631621906338,28921109.0,59.88,24.78,40.54,74.53448469846985,7.79902808872098,17.501315126845,13.079844874049,6.331,9.689,8.189,6.138810013303295,13.12374278135521,9.940606817995112,GBR
1997-01-01,0.7493778101667881,1.76724024542691,4.47059008893342,3.24135709580969,1.85422907917066,1.05838454198567,2.51785921421902,26.8627095756582,13.2866295655732,38.183498485393,71.283053938624,85.6549696038384,59.2986355090375,44.862406671525015,29090800.0,60.68,26.51,41.83,75.19644013856423,7.9278427869541,17.2200610257208,12.9948175645094,5.808,8.101,7.072,6.16060254152719,12.749470936787416,9.753460468699673,GBR
1998-01-01,0.7478516075790712,1.6977809303834,4.3286816061918,3.1358964218018,1.71811620466999,0.921975600642908,2.37844209739123,26.666090288747,13.1098587883252,37.9097455980587,71.6157825256319,85.968157537549,59.7118056083348,44.93370672855127,29150168.0,60.78,26.8,41.98,75.50308066248375,7.83567102395265,16.4065052932246,12.5207013827032,5.354,6.887,6.198,6.137898167052806,12.07781699081706,9.3848049609014,GBR
1999-01-01,0.7455804521664995,1.49205497386999,4.63059498557214,3.19633613659053,1.5539871579727,0.759642870438298,2.22248057808324,25.8109069730047,12.5849500409699,36.9414272303783,72.6351058690226,86.655399117021,60.8360921915385,45.268590911771014,29238964.0,59.17,26.12,41.2,76.64225255778165,7.633090567096,16.8345148641571,12.6296114084815,5.149,6.781,6.042,6.141035593226018,12.20391987858493,9.43327891477135,GBR
2000-01-01,0.7200508406720633,1.66273183688907,4.49379042851747,3.1989257060377,1.53454926993428,0.775538542046261,2.17432934219383,25.1680765638419,11.9821650706754,36.2825390094912,73.2973741662238,87.2422885369828,61.5431382653643,45.40147917079284,29511805.0,60.47,26.75,42.16,77.18171461122188,7.83329175293487,16.0343017252765,12.283337851448,4.861,6.138,5.558,6.170559916045795,11.540517913808426,9.084408554855594,GBR
2001-01-01,0.7160785236669371,1.61650618281794,4.46631454165008,3.16058923776116,1.39233330341523,0.682979295092164,1.99218541312996,24.6406484898304,11.4027638313028,35.835021042049,73.9670182067544,87.9142491123885,62.1728001079503,45.53889854386753,29521902.0,59.04,25.95,41.1,77.745677202363,7.42530333550699,16.2625091604878,12.2134778543684,4.114,5.183,4.696,5.808797152689058,11.796194618837754,9.052888616607275,GBR
2002-01-01,0.7051120050647418,1.60879597293912,4.28954102164612,3.05321792261555,1.38581329078456,0.693430307743473,1.978444226352,23.9123278773593,10.8365535455886,35.1042672596219,74.7018623618981,88.4700161466679,62.9172950655347,45.7917062272818,29839231.0,58.9,26.22,41.26,78.68661272208945,7.45869663974024,16.4973593163527,12.3288512156546,4.363,5.607,5.037,5.849900666801127,12.207811743198425,9.275633293039078,GBR
2003-01-01,0.706427456462753,1.64082261948442,4.18104443484599,3.01334592918478,1.24891678772558,0.584839772172261,1.81388882303049,23.3421084028371,10.2642383224919,34.4682805900175,75.4089748094374,89.1509219053358,63.7178241267279,45.610428916102705,30095093.0,59.46,28.01,42.44,78.27465495968552,7.86828526579498,17.0534489265626,12.8311917383985,4.065,5.429,4.807,6.227470239758565,12.872410951941188,9.817849299787435,GBR
2004-01-01,0.6756402902959366,1.68231506875815,4.22262688603384,3.05243596073533,1.27650085784621,0.597359023795239,1.85654750416023,22.3021363572404,9.5586816203118,33.1860435897038,76.421369692722,89.8439668538097,64.957415309945,45.86962469236532,30341589.0,59.61,27.66,42.36,79.26412235769423,7.86667924317229,17.5849366016496,13.1082355058216,4.19,4.936,4.594,6.184371672330839,13.362309715615813,10.055802998990249,GBR
2005-01-01,0.7042434530023618,1.54650247222349,4.12976916882743,2.93781128482083,1.37603253648279,0.73024036263023,1.92929361642886,22.2144068656745,9.41146082123769,33.1829009961921,76.4095640060319,89.8582988161321,64.887805387379,45.91954203535055,30813208.0,58.17,27.02,41.38,79.59368399879313,7.81105180663622,17.462973831962,13.0094326745474,4.293,5.14,4.751,6.264549334412726,13.333204663134559,10.071621389726591,GBR
2006-01-01,0.5779427664236326,1.5266661007907,4.12913582504879,2.92742809250941,1.35146946330568,0.670204829568966,1.93592996090206,22.0628820435292,9.4534778271648,32.8804334191026,76.5856518690959,89.8763246543258,65.1836554363796,45.981800231049384,31317980.0,58.1,27.48,41.62,79.9610950596447,8.12512351120336,17.6321728517995,13.2422295698977,4.946,5.694,5.35,6.59845741041266,13.503037026750745,10.314801477388247,GBR
2007-01-01,0.5074958082432164,1.54180178789595,4.03066477541676,2.88506410804868,1.36521688015405,0.749094621022267,1.89067655733321,22.1886501127621,9.46387876440343,33.0409670287036,76.4461330070838,89.7870266145743,65.0683564139632,45.88215046527533,31527354.0,58.14,27.46,41.58,79.79593883897223,8.24861772256596,17.803572341147,13.4055148978075,4.961,5.518,5.262,6.70681593467001,13.772907565730305,10.520450789758744,GBR
2008-01-01,0.5011311155692292,1.36991231855707,4.05896266964704,2.81798262151475,1.08043318982593,0.727819735492195,1.38261740307804,22.0043010695534,9.43793027293006,32.7734852423669,76.9152757067971,89.8342499915777,65.8439096925784,45.894073034598215,31927772.0,58.61,28.75,42.54,79.99142428357035,8.17970214727934,17.8073384460865,13.3642559396246,5.086,6.064,5.615,6.80978982872227,13.74838194545081,10.546273318109847,GBR
2009-01-01,0.5562419276820042,1.43270086099971,3.97362489538912,2.78683508708879,1.10915027730949,0.554262611499877,1.59546460899454,19.6113535593574,7.7074766024463,30.044142879347,79.2794961633331,91.7382607860538,68.3603925116584,46.14835112775581,32084960.0,58.85,28.73,42.8,80.96673251907077,8.55293747001968,18.0672478972771,13.6233972474818,6.42,8.494,7.537,7.12023660901997,14.093623001887927,10.836558787721563,GBR
2010-01-01,0.539828113045752,1.46144026540695,3.69261349278179,2.65175689934386,1.21592447666869,0.606728931520681,1.74863371436334,19.2102555434201,7.44434026901302,29.4987971489788,79.5738199799112,91.9489307994663,68.7525691366578,46.19546039982955,32236187.0,59.69,29.66,43.69,81.26159554730982,9.03736612455375,18.3860769212965,14.024843488793,6.875,8.57,7.787,7.575933071292053,14.693457121949962,11.373086589449091,GBR
2011-01-01,0.5100364960132481,1.34447179496895,3.55578298045332,2.52449142967298,1.22028096535992,0.658909919579549,1.71090069359093,19.1777633347434,7.53396252939601,29.3540593831142,79.6019590466348,91.8071419032335,68.935046194971,46.28535478157137,32478068.0,59.58,29.01,43.28,81.697265710174,9.27212202706568,18.5242408418796,14.2093063416672,7.34,8.639,8.038,7.927643055992696,14.9684515897506,11.684818258732342,GBR
2012-01-01,0.5160418543350063,1.42271062146204,3.50329364226794,2.53464385203975,1.18886079230386,0.688237017645745,1.62498064482923,19.0668947234349,7.6699757320059,28.9952119189374,79.7442345658747,91.6417943516517,69.3798074362334,46.30555370558779,32778349.0,58.69,28.42,42.55,81.90675320526782,9.70500333690245,19.0188624993203,14.6826415296824,7.386,8.316,7.885,8.282292715440404,15.515562670821147,12.147994371513649,GBR
2013-01-01,0.48137650632811235,1.43363382823228,3.39487171453071,2.47896231059426,1.05884260885312,0.602265574603125,1.45889495891427,18.8682391968841,7.70463409939261,28.6497786156642,80.0729181942627,91.6930933415954,69.8913325451528,46.455863581739436,33061439.0,57.45,27.43,41.51,82.54773920504952,9.82856557763195,18.879724523989,14.6527660421973,7.038,7.948,7.525,8.394931749399676,15.484858929189045,12.17380373160305,GBR
2014-01-01,0.46412725355232853,1.43585132364709,3.52392842569272,2.54821837858055,1.25624311534754,0.713867580932967,1.73198644480847,18.9652710754023,7.95949257756544,28.6189682466659,79.7784953701609,91.3266466618056,69.649051290939,46.58442843763786,33331376.0,57.5,27.91,41.77,83.1073989854819,10.5016654159366,19.4612861003479,15.2746629572035,5.82,6.363,6.11,9.06581409228949,15.937357674655225,12.72644457862298,GBR
2015-01-01,0.45323239633175383,1.34336077899517,3.41957702118851,2.44931045763451,1.13619321080336,0.646936856428727,1.56543105817056,18.6625913246499,7.693111983784,28.2862868552529,80.2012123283173,91.6599511597873,70.1482820865765,46.646026718191074,33614102.0,58.08,28.83,42.5,83.44347673858813,10.4285551207627,19.045456863064,15.0185682027803,5.125,5.455,5.301,9.085194341767512,15.625879841875456,12.569254608916477,GBR
2016-01-01,0.4426968224179667,1.39649064753064,3.34251351455648,2.43224591910341,1.12106646107832,0.627904326986376,1.55448201600406,18.4747314621342,7.62506456631638,28.0099615078651,80.4042020767875,91.7470311066972,70.4355506644182,46.713121203819505,33939706.0,56.68,27.29,41.07,83.79240993354318,10.8796102961973,19.4747409022289,15.4542901225785,4.68,4.924,4.81,9.48311303580619,16.13222738767242,13.022044203475085,GBR
2017-01-01,0.4336518144533981,1.31977270801973,3.05432866809883,2.23916712988303,1.16307610800233,0.650642842713689,1.61741726063966,18.2597344729615,7.69062094761467,27.6306841692981,80.5771894190362,91.6587362096716,70.7518985700622,46.94070804734412,34128763.0,57.11,27.66,41.5,84.67365028203062,10.9252699418086,19.1626012117153,15.2914196200659,4.215,4.432,4.33,9.60549723378883,16.108266765950074,13.052252490182926,GBR
2018-01-01,0.43134716825015196,1.24383044639278,2.78200239580412,2.05892950902371,1.07006696063793,0.618855527911302,1.47033278180926,18.1250070589985,7.46828989428086,27.5784893268778,80.8049168963976,91.9128545778078,70.951177891313,46.97954702532591,34415434.0,57.05,28.26,41.79,84.91330748408808,10.9534118185407,18.8314500831857,15.128114210897,3.94,4.045,3.996,9.70958137214789,16.04945340147274,13.069184701873294,GBR
2019-01-01,0.4294451456313338,1.27159137701444,3.05916882082737,2.21368694659025,1.04432525172921,0.585966692346229,1.45567824429065,18.1237417210674,7.73687274119797,27.4454226563428,80.8319300304539,91.6771605664558,71.0988990993665,47.19668728896842,34695933.0,54.46,26.43,39.73,85.75661996625834,11.1660035789188,19.5367085076407,15.57755995537,3.535,3.918,3.737,9.894405865964847,16.47753968681336,13.363873008779784,GBR
2020-01-01,0.44177118019950384,1.29667733948644,3.00284695992793,2.18789326902127,1.0340351380375,0.577448845130795,1.45155372164031,18.1753730778061,7.94320689581177,27.5320269986561,80.7906038783468,91.4793442590574,71.0164192797036,47.6075347568529,34633314.0,59.62,35.45,46.98,87.25694547836703,11.1613404480964,19.8254836254655,15.6870312859141,4.155,4.759,4.472,9.864663108609939,16.82263666553757,13.499138016892758,GBR
2021-01-01,,1.31102564216686,2.96970374038865,2.17387491013879,1.03258066764766,0.580113570974865,1.44990319083205,18.1985993471877,7.96302171785796,27.639140601066,80.7688199851646,91.4568647111672,70.9109620724809,47.8630556065915,34311328.0,55.8,32.11,43.46,88.20141492320715,11.3117059743979,19.7013682474979,15.6760301302193,4.594,5.039,4.826,10.000680332231024,16.731664507109258,13.502155220080448,GBR
2022-01-01,,1.28509237449343,2.97206348296082,2.16691201974903,1.00494891890614,0.558685568970616,1.41241272526559,18.0561063330652,7.90330428547732,27.3261974738713,80.9389417503734,91.5380101455521,71.2613898008631,47.65136958238463,34797067.0,53.41,28.83,40.56,87.53274911916162,11.3042379948268,19.6590901922553,15.6715165830136,3.576,3.871,3.73,10.019139339580045,16.687032443979337,13.50460456326454,GBR
2023-01-01,,,,,,,,,,,,,,47.610646457852546,35275169.0,53.3,29.52,40.93,87.49418037095444,,,,3.828,4.262,4.055,,,,GBR
